COUNTER,INTERPOLATED,RAW_CQ,AF3,F7,F3, FC5, T7, P7, O1, O2,P8, T8, FC6, F4,F8, AF4,GYROX, GYROY, TIMESTAMP, ES_TIMESTAMPFUNC_ID, FUNC_VALUE, MARKER, SYNC_SIGNAL,
3,0,493,4047.17948717949,4507.17948717949,3988.20512820513,4287.17948717949,4169.23076923077,4475.89743589744,4557.94871794872,4661.53846153846,4069.23076923077,4234.35897435897,4046.66666666667,4142.05128205128,4391.79487179487,4856.92307692308,1682,1692,0.905,0,0,0,0,0,
4,0,514,4041.53846153846,4501.53846153846,3985.12820512821,4283.07692307692,4167.69230769231,4470.76923076923,4550.25641025641,4657.4358974359,4056.92307692308,4227.17948717949,4044.10256410256,4122.05128205128,4383.07692307692,4853.33333333333,1682,1694,0.905,0,0,0,0,0,
5,0,504,4049.74358974359,4508.20512820513,3991.28205128205,4286.66666666667,4168.71794871795,4472.30769230769,4555.89743589744,4651.28205128205,4058.46153846154,4227.17948717949,4047.17948717949,4135.38461538462,4387.69230769231,4872.82051282051,1682,1693,0.905,0,0,0,0,0,
6,0,484,4056.92307692308,4509.74358974359,3998.97435897436,4291.28205128205,4169.23076923077,4471.79487179487,4564.61538461538,4653.33333333333,4069.74358974359,4228.71794871795,4049.23076923077,4137.4358974359,4387.69230769231,4878.97435897436,1681,1694,0.905,0,0,0,0,0,
7,0,0,4072.82051282051,4516.92307692308,4013.33333333333,4298.97435897436,4171.79487179487,4474.8717948718,4576.92307692308,4657.4358974359,4082.05128205128,4245.64102564103,4048.71794871795,4141.53846153846,4387.17948717949,4873.84615384615,1682,1693,0.943,0.0312768779695034,0,0,0,0,
8,0,380,4087.17948717949,4527.17948717949,4030.25641025641,4307.17948717949,4184.61538461538,4481.53846153846,4587.17948717949,4655.38461538462,4089.23076923077,4273.33333333333,4050.76923076923,4170.76923076923,4399.48717948718,4883.07692307692,1682,1693,0.943,0.0312768779695034,0,0,0,0,
9,0,448,4083.58974358974,4525.64102564103,4031.79487179487,4307.17948717949,4190.76923076923,4480,4586.15384615385,4655.38461538462,4089.23076923077,4278.46153846154,4051.28205128205,4176.41025641026,4407.17948717949,4887.17948717949,1682,1692,0.943,0.0312768779695034,0,0,0,0,
10,0,439,4078.97435897436,4526.15384615385,4026.66666666667,4305.12820512821,4177.94871794872,4479.48717948718,4587.17948717949,4656.92307692308,4092.82051282051,4270.25641025641,4050.76923076923,4163.07692307692,4407.17948717949,4871.79487179487,1682,1692,0.943,0.0312768779695034,0,0,0,0,
11,0,458,4068.20512820513,4522.5641025641,4017.4358974359,4301.02564102564,4166.66666666667,4476.92307692308,4580,4654.8717948718,4091.28205128205,4265.64102564103,4048.71794871795,4157.4358974359,4403.07692307692,4852.30769230769,1683,1692,0.943,0.0312768779695034,0,0,0,0,
12,0,13,4044.61538461539,4506.15384615385,3995.89743589744,4287.69230769231,4170.76923076923,4466.15384615385,4560,4654.35897435897,4070.76923076923,4244.61538461538,4042.5641025641,4127.69230769231,4388.20512820513,4844.10256410256,1682,1692,0.981,0.0312768779695034,0,0,0,0,
13,0,485,4040,4502.05128205128,3983.58974358974,4283.58974358974,4175.89743589744,4464.61538461538,4555.89743589744,4653.84615384615,4054.8717948718,4223.58974358974,4040,4097.94871794872,4376.41025641026,4851.28205128205,1683,1693,0.981,0.0312768779695034,0,0,0,0,
14,0,439,4048.71794871795,4505.64102564103,3986.66666666667,4286.66666666667,4172.30769230769,4467.69230769231,4562.5641025641,4653.84615384615,4060,4225.12820512821,4042.05128205128,4110.25641025641,4378.97435897436,4864.61538461539,1683,1692,0.981,0.0312768779695034,0,0,0,0,
15,0,458,4042.5641025641,4497.4358974359,3986.66666666667,4282.5641025641,4166.66666666667,4462.05128205128,4554.35897435897,4658.97435897436,4061.53846153846,4226.66666666667,4043.07692307692,4121.53846153846,4380.51282051282,4863.07692307692,1682,1693,0.981,0.0312768779695034,0,0,0,0,
16,0,0,4040,4496.41025641026,3986.66666666667,4282.5641025641,4166.66666666667,4454.35897435897,4547.17948717949,4663.58974358974,4056.92307692308,4227.17948717949,4041.53846153846,4112.30769230769,4382.05128205128,4852.30769230769,1682,1692,0.981,0.0312768779695034,0,0,0,0,
17,0,0,4052.82051282051,4507.17948717949,4002.05128205128,4291.28205128205,4175.38461538462,4456.92307692308,4561.02564102564,4658.46153846154,4069.74358974359,4244.10256410256,4042.5641025641,4127.17948717949,4393.33333333333,4862.5641025641,1682,1695,1.018,0.0312768779695034,0,0,0,0,
18,0,0,4064.10256410256,4510.25641025641,4016.92307692308,4297.4358974359,4187.17948717949,4468.20512820513,4581.02564102564,4655.38461538462,4089.23076923077,4257.94871794872,4047.17948717949,4162.05128205128,4401.53846153846,4884.61538461539,1683,1695,1.018,0.0312768779695034,0,0,0,0,
19,0,0,4067.17948717949,4509.23076923077,4023.58974358974,4296.92307692308,4189.74358974359,4477.4358974359,4589.23076923077,4658.46153846154,4090.76923076923,4258.46153846154,4047.69230769231,4170.76923076923,4401.53846153846,4887.17948717949,1682,1694,1.018,0.0312768779695034,0,0,0,0,
20,0,0,4061.02564102564,4510.76923076923,4022.05128205128,4292.82051282051,4179.48717948718,4472.30769230769,4580.51282051282,4660.51282051282,4080,4266.66666666667,4045.64102564103,4151.28205128205,4397.4358974359,4861.53846153846,1682,1693,1.018,0.0312768779695034,0,0,0,0,
21,0,0,4050.25641025641,4501.53846153846,4010.25641025641,4283.58974358974,4171.28205128205,4457.94871794872,4569.74358974359,4659.48717948718,4070.25641025641,4262.05128205128,4044.61538461539,4128.71794871795,4385.12820512821,4832.82051282051,1682,1692,1.018,0.0312768779695034,0,0,0,0,
22,0,0,4040.51282051282,4490.25641025641,4002.05128205128,4278.97435897436,4170.25641025641,4461.02564102564,4577.4358974359,4656.41025641026,4067.69230769231,4233.84615384615,4041.53846153846,4123.58974358974,4371.28205128205,4829.74358974359,1682,1691,1.055,0.0312768779695034,0,0,0,0,
23,0,0,4035.38461538462,4491.79487179487,4004.10256410256,4283.07692307692,4166.66666666667,4469.74358974359,4584.10256410256,4656.92307692308,4068.71794871795,4227.69230769231,4040,4124.10256410256,4371.79487179487,4843.07692307692,1682,1691,1.055,0.0312768779695034,0,0,0,0,
24,0,0,4035.38461538462,4490.76923076923,3998.46153846154,4281.53846153846,4168.71794871795,4463.07692307692,4572.30769230769,4661.53846153846,4062.5641025641,4245.64102564103,4042.5641025641,4113.84615384615,4378.46153846154,4845.64102564103,1682,1692,1.055,0.0312768779695034,0,0,0,0,
25,0,0,4039.48717948718,4484.61538461538,3989.74358974359,4278.97435897436,4181.02564102564,4455.89743589744,4566.15384615385,4658.97435897436,4055.38461538462,4240,4042.5641025641,4110.76923076923,4378.97435897436,4838.46153846154,1681,1691,1.055,0.0312768779695034,0,0,0,0,
26,0,0,4049.74358974359,4496.92307692308,4001.02564102564,4282.5641025641,4190.76923076923,4465.12820512821,4572.30769230769,4656.92307692308,4060.51282051282,4225.12820512821,4044.10256410256,4128.20512820513,4384.10256410256,4854.35897435897,1681,1693,1.055,0.0312768779695034,0,0,0,0,
27,0,0,4058.46153846154,4511.28205128205,4015.89743589744,4283.07692307692,4188.20512820513,4474.35897435897,4570.25641025641,4663.07692307692,4067.69230769231,4237.94871794872,4050.76923076923,4143.58974358974,4397.4358974359,4879.48717948718,1682,1692,1.092,0.0312768779695034,0,0,0,0,
28,0,0,4059.48717948718,4510.76923076923,4017.94871794872,4279.48717948718,4186.15384615385,4478.97435897436,4569.23076923077,4660.51282051282,4071.79487179487,4258.46153846154,4051.28205128205,4145.12820512821,4405.12820512821,4877.94871794872,1680,1694,1.092,0.0312768779695034,0,0,0,0,
29,0,0,4065.12820512821,4521.53846153846,4028.20512820513,4286.15384615385,4195.89743589744,4488.71794871795,4585.12820512821,4652.82051282051,4084.61538461539,4273.33333333333,4048.71794871795,4154.8717948718,4411.28205128205,4869.74358974359,1682,1694,1.092,0.0312768779695034,0,0,0,0,
30,0,0,4084.10256410256,4541.53846153846,4045.64102564103,4295.38461538462,4201.02564102564,4496.41025641026,4597.94871794872,4655.89743589744,4096.92307692308,4280.51282051282,4054.8717948718,4167.69230769231,4427.17948717949,4875.38461538462,1681,1695,1.092,0.0312768779695034,0,0,0,0,
31,0,0,4094.8717948718,4546.15384615385,4051.28205128205,4297.94871794872,4194.8717948718,4494.8717948718,4597.94871794872,4661.02564102564,4096.41025641026,4275.89743589744,4060.51282051282,4176.41025641026,4435.38461538462,4878.46153846154,1682,1696,1.13,0.0312768779695034,0,0,0,0,
32,0,0,4083.07692307692,4539.48717948718,4045.64102564103,4297.94871794872,4185.12820512821,4494.35897435897,4591.28205128205,4658.97435897436,4089.74358974359,4267.17948717949,4057.94871794872,4175.38461538462,4424.10256410256,4873.84615384615,1682,1695,1.13,0.0312768779695034,0,0,0,0,
33,0,0,4063.58974358974,4526.15384615385,4029.23076923077,4289.23076923077,4170.76923076923,4492.30769230769,4577.4358974359,4658.97435897436,4078.46153846154,4251.28205128205,4051.79487179487,4141.53846153846,4402.5641025641,4866.66666666667,1682,1695,1.13,0.0312768779695034,0,0,0,0,
34,0,0,4047.17948717949,4506.66666666667,4003.07692307692,4273.33333333333,4154.8717948718,4488.20512820513,4566.66666666667,4659.48717948718,4064.10256410256,4232.30769230769,4049.23076923077,4093.84615384615,4384.10256410256,4836.92307692308,1682,1695,1.13,0.0312768779695034,0,0,0,0,
35,0,0,4043.58974358974,4503.58974358974,3995.89743589744,4270.25641025641,4153.33333333333,4490.25641025641,4570.25641025641,4657.4358974359,4063.07692307692,4226.15384615385,4052.30769230769,4091.28205128205,4378.97435897436,4811.79487179487,1682,1695,1.13,0.0312768779695034,0,0,0,0,
36,0,0,4048.20512820513,4511.79487179487,4004.10256410256,4278.97435897436,4154.35897435897,4493.33333333333,4571.79487179487,4658.97435897436,4072.30769230769,4234.35897435897,4051.79487179487,4108.71794871795,4382.5641025641,4831.79487179487,1683,1694,1.168,0.0312768779695034,0,0,0,0,
37,0,0,4044.61538461539,4506.15384615385,3995.89743589744,4276.92307692308,4145.64102564103,4493.33333333333,4558.97435897436,4659.48717948718,4075.38461538462,4237.4358974359,4048.71794871795,4096.41025641026,4378.46153846154,4846.15384615385,1684,1694,1.168,0.0312768779695034,0,0,0,0,
38,0,0,4040.51282051282,4502.5641025641,3985.12820512821,4268.71794871795,4145.64102564103,4489.23076923077,4552.82051282051,4657.4358974359,4072.82051282051,4221.53846153846,4051.79487179487,4094.35897435898,4378.97435897436,4830.76923076923,1683,1695,1.168,0.0312768779695034,0,0,0,0,
39,0,0,4051.28205128205,4513.33333333333,3998.46153846154,4272.30769230769,4159.48717948718,4489.74358974359,4563.07692307692,4660,4077.4358974359,4213.84615384615,4054.8717948718,4115.89743589744,4401.02564102564,4835.89743589744,1683,1695,1.168,0.0312768779695034,0,0,0,0,
40,0,0,4070.25641025641,4525.64102564103,4020,4283.58974358974,4169.23076923077,4501.02564102564,4579.48717948718,4661.53846153846,4089.23076923077,4245.12820512821,4053.33333333333,4124.61538461538,4422.05128205128,4862.05128205128,1683,1695,1.168,0.0312768779695034,0,0,0,0,
41,0,0,4082.05128205128,4532.82051282051,4033.33333333333,4291.28205128205,4172.30769230769,4511.79487179487,4591.28205128205,4660,4097.94871794872,4282.05128205128,4055.89743589744,4130.25641025641,4421.53846153846,4870.25641025641,1683,1695,1.206,0.0312768779695034,0,0,0,0,
42,0,0,4084.61538461539,4536.41025641026,4037.4358974359,4294.35897435897,4173.33333333333,4511.79487179487,4593.84615384615,4657.94871794872,4098.46153846154,4275.89743589744,4058.46153846154,4140.51282051282,4413.84615384615,4866.66666666667,1682,1694,1.206,0.0312768779695034,0,0,0,0,
43,0,0,4086.66666666667,4537.4358974359,4033.84615384615,4296.41025641026,4173.33333333333,4508.71794871795,4587.69230769231,4658.46153846154,4093.33333333333,4263.58974358974,4053.84615384615,4132.82051282051,4409.23076923077,4856.92307692308,1683,1694,1.206,0.0312768779695034,0,0,0,0,
44,0,0,4089.23076923077,4538.97435897436,4029.23076923077,4296.92307692308,4171.28205128205,4507.69230769231,4576.41025641026,4661.02564102564,4081.53846153846,4266.15384615385,4049.74358974359,4115.38461538462,4404.10256410256,4832.82051282051,1681,1694,1.206,0.0312768779695034,0,0,0,0,
45,0,0,4086.15384615385,4540,4029.74358974359,4292.30769230769,4169.23076923077,4505.12820512821,4572.82051282051,4658.97435897436,4072.82051282051,4246.66666666667,4050.25641025641,4114.35897435897,4398.46153846154,4830.76923076923,1681,1695,1.206,0.0312768779695034,0,0,0,0,
46,0,0,4075.89743589744,4537.94871794872,4030.25641025641,4288.20512820513,4171.79487179487,4505.12820512821,4578.97435897436,4653.84615384615,4079.48717948718,4229.23076923077,4049.74358974359,4118.46153846154,4392.82051282051,4841.53846153846,1682,1693,1.243,0.0312768779695034,0,0,0,0,
47,0,0,4069.23076923077,4532.82051282051,4028.20512820513,4284.10256410256,4168.71794871795,4510.76923076923,4584.61538461538,4656.92307692308,4087.17948717949,4246.66666666667,4049.74358974359,4117.94871794872,4391.79487179487,4832.82051282051,1680,1694,1.243,0.0312768779695034,0,0,0,0,
48,0,0,4074.35897435898,4527.69230769231,4029.74358974359,4274.8717948718,4168.20512820513,4512.82051282051,4584.10256410256,4661.53846153846,4091.28205128205,4267.17948717949,4051.79487179487,4122.5641025641,4397.4358974359,4833.33333333333,1681,1693,1.243,0.0312768779695034,0,0,0,0,
49,0,0,4075.89743589744,4524.10256410256,4030.25641025641,4264.61538461538,4177.94871794872,4509.74358974359,4584.61538461538,4658.97435897436,4092.30769230769,4266.66666666667,4050.76923076923,4121.02564102564,4396.41025641026,4849.23076923077,1681,1693,1.243,0.0312768779695034,0,0,0,0,
50,0,0,4067.17948717949,4523.07692307692,4020.51282051282,4261.02564102564,4176.92307692308,4506.66666666667,4585.64102564103,4661.02564102564,4085.64102564103,4255.38461538462,4049.23076923077,4107.17948717949,4382.5641025641,4848.71794871795,1682,1693,1.243,0.0312768779695034,0,0,0,0,
51,0,0,4067.17948717949,4525.64102564103,4020,4264.10256410256,4170.76923076923,4506.15384615385,4585.12820512821,4665.64102564103,4084.10256410256,4249.23076923077,4050.76923076923,4104.10256410256,4381.53846153846,4842.5641025641,1681,1692,1.281,0.0312768779695034,0,0,0,0,
52,0,0,4087.69230769231,4534.35897435897,4039.48717948718,4274.35897435897,4178.97435897436,4512.30769230769,4595.89743589744,4661.53846153846,4098.46153846154,4264.10256410256,4053.33333333333,4121.02564102564,4407.17948717949,4855.89743589744,1682,1692,1.281,0.0312768779695034,0,0,0,0,
53,0,0,4104.61538461538,4544.61538461538,4053.84615384615,4278.46153846154,4190.25641025641,4520,4605.12820512821,4657.4358974359,4106.15384615385,4289.23076923077,4052.82051282051,4138.97435897436,4433.33333333333,4865.64102564103,1682,1691,1.281,0.0312768779695034,0,0,0,0,
54,0,0,4092.82051282051,4542.05128205128,4043.07692307692,4270.76923076923,4185.64102564103,4515.38461538462,4596.92307692308,4657.94871794872,4094.8717948718,4288.20512820513,4051.79487179487,4138.97435897436,4431.28205128205,4853.33333333333,1683,1691,1.281,0.0312768779695034,0,0,0,0,
55,0,0,4074.35897435898,4534.35897435897,4024.10256410256,4257.94871794872,4175.89743589744,4500,4580,4657.4358974359,4083.58974358974,4268.71794871795,4051.28205128205,4122.05128205128,4410.76923076923,4828.71794871795,1682,1690,1.32,0.0312768779695034,0,0,0,0,
56,0,0,4071.79487179487,4532.82051282051,4018.97435897436,4250.25641025641,4168.71794871795,4488.20512820513,4568.20512820513,4655.38461538462,4077.94871794872,4261.02564102564,4051.79487179487,4108.20512820513,4398.97435897436,4820.51282051282,1683,1693,1.32,0.0312768779695034,0,0,0,0,
57,0,0,4081.53846153846,4539.48717948718,4024.61538461539,4257.4358974359,4166.15384615385,4489.23076923077,4567.17948717949,4653.33333333333,4075.89743589744,4258.46153846154,4049.74358974359,4107.69230769231,4402.5641025641,4851.79487179487,1684,1692,1.32,0.0312768779695034,0,0,0,0,
58,0,0,4077.94871794872,4534.35897435897,4024.10256410256,4262.05128205128,4170.76923076923,4493.84615384615,4565.64102564103,4655.38461538462,4073.33333333333,4244.10256410256,4046.66666666667,4106.66666666667,4401.53846153846,4866.15384615385,1682,1694,1.32,0.0312768779695034,0,0,0,0,
59,0,0,4060,4517.94871794872,4016.41025641026,4252.82051282051,4170.25641025641,4489.74358974359,4558.46153846154,4661.53846153846,4069.23076923077,4235.89743589744,4048.71794871795,4103.07692307692,4389.23076923077,4825.12820512821,1684,1693,1.32,0.0312768779695034,0,0,0,0,
60,0,0,4065.12820512821,4526.66666666667,4021.02564102564,4254.8717948718,4173.33333333333,4490.25641025641,4562.05128205128,4660,4074.8717948718,4242.5641025641,4049.74358974359,4110.25641025641,4385.12820512821,4798.97435897436,1683,1693,1.357,0.0312768779695034,0,0,0,0,
61,0,0,4081.53846153846,4538.46153846154,4028.20512820513,4265.12820512821,4175.38461538462,4502.05128205128,4578.46153846154,4652.30769230769,4082.5641025641,4250.25641025641,4047.17948717949,4114.8717948718,4387.69230769231,4816.92307692308,1683,1695,1.357,0.0312768779695034,0,0,0,0,
62,0,0,4082.05128205128,4527.69230769231,4030.76923076923,4262.5641025641,4170.25641025641,4508.71794871795,4587.69230769231,4652.30769230769,4086.15384615385,4257.4358974359,4048.20512820513,4103.58974358974,4390.25641025641,4824.61538461539,1683,1694,1.357,0.0312768779695034,0,0,0,0,
63,0,0,4084.61538461539,4530.25641025641,4038.97435897436,4266.15384615385,4175.89743589744,4508.20512820513,4588.71794871795,4657.4358974359,4089.74358974359,4267.17948717949,4052.30769230769,4103.58974358974,4398.97435897436,4812.30769230769,1683,1694,1.357,0.0312768779695034,0,0,0,0,
64,0,484,4092.82051282051,4543.07692307692,4040,4274.35897435897,4185.12820512821,4509.23076923077,4588.71794871795,4659.48717948718,4088.20512820513,4268.20512820513,4050.25641025641,4123.58974358974,4406.15384615385,4809.23076923077,1683,1693,1.357,0.0312768779695034,0,0,0,0,
65,0,391,4081.53846153846,4528.71794871795,4030.25641025641,4264.10256410256,4176.92307692308,4507.17948717949,4583.07692307692,4659.48717948718,4083.58974358974,4257.94871794872,4049.23076923077,4123.07692307692,4403.58974358974,4816.92307692308,1683,1694,1.395,0.0312768779695034,0,0,0,0,
66,0,500,4071.28205128205,4518.97435897436,4033.84615384615,4258.97435897436,4162.05128205128,4505.12820512821,4582.05128205128,4658.97435897436,4088.20512820513,4256.41025641026,4052.82051282051,4102.05128205128,4391.28205128205,4812.30769230769,1683,1693,1.395,0.0312768779695034,0,0,0,0,
67,0,493,4090.76923076923,4541.02564102564,4048.20512820513,4274.8717948718,4166.66666666667,4508.20512820513,4586.66666666667,4661.02564102564,4090.25641025641,4261.02564102564,4050.25641025641,4108.71794871795,4384.61538461538,4800,1682,1695,1.395,0.523887693881989,0,0,0,0,
68,0,514,4105.64102564103,4555.89743589744,4048.20512820513,4283.58974358974,4180,4507.17948717949,4585.64102564103,4662.5641025641,4085.12820512821,4257.94871794872,4047.69230769231,4130.25641025641,4390.25641025641,4799.48717948718,1683,1694,1.395,0.523887693881989,0,0,0,0,
69,0,504,4092.30769230769,4543.58974358974,4037.4358974359,4273.33333333333,4180,4503.07692307692,4582.5641025641,4656.41025641026,4081.53846153846,4250.25641025641,4050.76923076923,4126.66666666667,4392.82051282051,4802.05128205128,1682,1695,1.395,0.523887693881989,0,0,0,0,
70,0,484,4080.51282051282,4526.66666666667,4026.66666666667,4264.10256410256,4170.76923076923,4505.64102564103,4580.51282051282,4651.28205128205,4076.41025641026,4244.10256410256,4050.25641025641,4102.5641025641,4382.5641025641,4794.8717948718,1683,1694,1.431,0.523887693881989,0,0,0,0,
71,0,0,4084.10256410256,4522.05128205128,4021.02564102564,4262.5641025641,4169.74358974359,4507.17948717949,4575.89743589744,4655.89743589744,4076.92307692308,4250.76923076923,4045.64102564103,4088.71794871795,4377.94871794872,4793.33333333333,1681,1694,1.431,0.523887693881989,0,0,0,0,
72,0,380,4076.41025641026,4521.53846153846,4018.97435897436,4255.38461538462,4171.28205128205,4497.94871794872,4569.74358974359,4660,4081.02564102564,4250.76923076923,4047.17948717949,4089.74358974359,4380,4804.61538461539,1682,1695,1.431,0.523887693881989,0,0,0,0,
73,0,448,4065.12820512821,4516.41025641026,4014.8717948718,4251.79487179487,4165.12820512821,4494.35897435897,4567.17948717949,4656.41025641026,4080,4233.84615384615,4048.20512820513,4093.33333333333,4372.30769230769,4802.05128205128,1683,1694,1.431,0.523887693881989,0,0,0,0,
74,0,439,4080,4524.10256410256,4023.07692307692,4263.07692307692,4173.84615384615,4506.15384615385,4577.94871794872,4652.30769230769,4084.10256410256,4234.35897435897,4048.71794871795,4105.12820512821,4374.8717948718,4790.76923076923,1682,1694,1.431,0.523887693881989,0,0,0,0,
75,0,458,4097.4358974359,4539.48717948718,4041.53846153846,4269.74358974359,4182.5641025641,4512.82051282051,4588.71794871795,4651.79487179487,4093.84615384615,4261.53846153846,4052.82051282051,4127.69230769231,4393.84615384615,4800,1683,1693,1.468,0.562983810901642,0,0,0,0,
76,0,13,4095.89743589744,4542.05128205128,4048.71794871795,4266.15384615385,4173.84615384615,4506.66666666667,4580,4657.4358974359,4093.33333333333,4275.89743589744,4051.28205128205,4131.28205128205,4404.61538461538,4817.94871794872,1683,1693,1.468,0.562983810901642,0,0,0,0,
77,0,485,4089.74358974359,4535.89743589744,4042.05128205128,4266.15384615385,4168.71794871795,4500,4568.71794871795,4661.53846153846,4085.64102564103,4264.61538461538,4046.66666666667,4113.33333333333,4402.5641025641,4814.35897435897,1682,1694,1.468,0.562983810901642,0,0,0,0,
78,0,439,4082.05128205128,4529.74358974359,4037.4358974359,4267.17948717949,4168.71794871795,4495.38461538462,4570.76923076923,4656.92307692308,4081.02564102564,4255.38461538462,4047.69230769231,4113.84615384615,4393.84615384615,4794.8717948718,1683,1695,1.468,0.562983810901642,0,0,0,0,
79,0,458,4071.79487179487,4523.58974358974,4034.35897435898,4262.05128205128,4164.61538461538,4490.76923076923,4569.74358974359,4652.30769230769,4077.4358974359,4256.92307692308,4046.66666666667,4113.33333333333,4384.10256410256,4791.79487179487,1683,1694,1.503,0.562983810901642,0,0,0,0,
80,0,13,4067.17948717949,4523.58974358974,4029.74358974359,4260,4169.23076923077,4489.23076923077,4566.15384615385,4655.38461538462,4075.38461538462,4250.76923076923,4044.10256410256,4091.79487179487,4381.02564102564,4802.5641025641,1682,1695,1.503,0.562983810901642,0,0,0,0,
81,0,485,4066.15384615385,4526.66666666667,4025.64102564103,4260.51282051282,4175.38461538462,4488.20512820513,4567.69230769231,4659.48717948718,4074.35897435898,4233.33333333333,4045.64102564103,4089.74358974359,4377.94871794872,4795.89743589744,1683,1695,1.503,0.562983810901642,0,0,0,0,
82,0,439,4065.12820512821,4525.12820512821,4022.5641025641,4260.51282051282,4169.23076923077,4489.74358974359,4568.20512820513,4656.41025641026,4073.33333333333,4225.64102564103,4046.15384615385,4107.17948717949,4368.71794871795,4781.53846153846,1682,1694,1.503,0.562983810901642,0,0,0,0,
83,0,458,4066.15384615385,4521.02564102564,4023.58974358974,4258.46153846154,4172.30769230769,4490.25641025641,4574.35897435897,4652.82051282051,4073.84615384615,4236.41025641026,4044.10256410256,4108.71794871795,4362.5641025641,4776.92307692308,1683,1695,1.503,0.633356809616089,0,0,0,0,
84,0,13,4066.15384615385,4520.51282051282,4027.17948717949,4259.48717948718,4181.53846153846,4492.30769230769,4582.05128205128,4654.35897435897,4075.89743589744,4250.25641025641,4044.10256410256,4104.10256410256,4366.15384615385,4779.48717948718,1683,1694,1.538,0.633356809616089,0,0,0,0,
85,0,485,4068.71794871795,4531.79487179487,4036.41025641026,4269.74358974359,4184.61538461538,4503.07692307692,4586.66666666667,4658.46153846154,4084.10256410256,4260.51282051282,4047.17948717949,4114.8717948718,4375.38461538462,4794.8717948718,1682,1695,1.538,0.633356809616089,0,0,0,0,
86,0,439,4080.51282051282,4543.58974358974,4049.23076923077,4280.51282051282,4196.92307692308,4511.79487179487,4594.8717948718,4658.46153846154,4090.25641025641,4265.64102564103,4051.28205128205,4123.07692307692,4389.23076923077,4817.94871794872,1683,1694,1.538,0.633356809616089,0,0,0,0,
87,0,458,4093.33333333333,4544.10256410256,4055.89743589744,4283.07692307692,4203.07692307692,4510.76923076923,4596.41025641026,4656.92307692308,4091.28205128205,4271.79487179487,4051.79487179487,4124.61538461538,4398.46153846154,4825.12820512821,1683,1694,1.538,0.633356809616089,0,0,0,0,
88,0,13,4090.25641025641,4540.51282051282,4053.33333333333,4279.48717948718,4187.69230769231,4508.20512820513,4588.20512820513,4657.4358974359,4090.76923076923,4282.05128205128,4050.76923076923,4124.10256410256,4397.4358974359,4809.23076923077,1683,1694,1.575,0.633356809616089,0,0,0,0,
89,0,485,4076.41025641026,4541.02564102564,4048.71794871795,4280,4184.61538461538,4509.23076923077,4586.15384615385,4657.94871794872,4089.23076923077,4277.4358974359,4048.20512820513,4116.41025641026,4398.46153846154,4804.61538461539,1682,1695,1.575,0.633356809616089,0,0,0,0,
90,0,439,4074.35897435898,4544.10256410256,4047.17948717949,4283.58974358974,4203.07692307692,4507.69230769231,4585.64102564103,4658.97435897436,4082.5641025641,4265.64102564103,4043.07692307692,4117.94871794872,4397.94871794872,4810.76923076923,1683,1695,1.575,0.633356809616089,0,0,0,0,
91,0,458,4076.41025641026,4539.48717948718,4037.94871794872,4279.48717948718,4195.38461538462,4505.12820512821,4582.5641025641,4658.97435897436,4078.46153846154,4266.15384615385,4038.97435897436,4123.58974358974,4385.12820512821,4801.02564102564,1681,1695,1.575,0.633356809616089,0,0,0,0,
92,0,13,4066.15384615385,4530.25641025641,4024.10256410256,4269.74358974359,4174.35897435897,4505.12820512821,4585.64102564103,4657.4358974359,4076.41025641026,4261.02564102564,4037.94871794872,4110.76923076923,4370.76923076923,4791.28205128205,1683,1694,1.575,0.633356809616089,0,0,0,0,
93,0,485,4050.76923076923,4516.41025641026,4015.89743589744,4262.5641025641,4176.41025641026,4498.46153846154,4580,4657.4358974359,4069.23076923077,4238.46153846154,4034.8717948718,4088.20512820513,4361.02564102564,4792.82051282051,1682,1694,1.611,0.633356809616089,0,0,0,0,
94,0,439,4040.51282051282,4508.20512820513,4017.94871794872,4260,4184.61538461538,4495.38461538462,4570.76923076923,4658.46153846154,4063.58974358974,4228.71794871795,4035.89743589744,4081.53846153846,4353.33333333333,4791.28205128205,1683,1694,1.611,0.633356809616089,0,0,0,0,
95,0,458,4044.10256410256,4514.35897435897,4020.51282051282,4260.51282051282,4183.07692307692,4504.61538461538,4580,4654.8717948718,4066.15384615385,4229.23076923077,4040.51282051282,4084.10256410256,4346.15384615385,4776.92307692308,1682,1694,1.611,0.633356809616089,0,0,0,0,
96,0,13,4054.35897435898,4514.35897435897,4019.48717948718,4260,4181.53846153846,4508.20512820513,4587.17948717949,4654.35897435897,4065.64102564103,4220,4038.46153846154,4076.92307692308,4341.02564102564,4765.12820512821,1682,1693,1.611,0.633356809616089,0,0,0,0,
97,0,485,4061.53846153846,4508.71794871795,4026.66666666667,4260.51282051282,4185.64102564103,4506.15384615385,4583.58974358974,4658.97435897436,4067.17948717949,4223.07692307692,4037.4358974359,4078.97435897436,4342.5641025641,4767.69230769231,1682,1693,1.611,0.633356809616089,0,0,0,0,
98,0,439,4073.33333333333,4521.53846153846,4044.10256410256,4273.33333333333,4198.97435897436,4513.84615384615,4593.84615384615,4662.05128205128,4085.12820512821,4255.38461538462,4042.5641025641,4106.15384615385,4359.48717948718,4776.92307692308,1683,1692,1.648,0.633356809616089,0,0,0,0,
99,0,458,4075.89743589744,4529.23076923077,4051.79487179487,4281.02564102564,4203.58974358974,4516.41025641026,4606.15384615385,4664.61538461539,4096.92307692308,4277.94871794872,4042.05128205128,4118.46153846154,4377.94871794872,4775.89743589744,1681,1693,1.648,0.774102747440338,0,0,0,0,
100,0,13,4056.92307692308,4513.84615384615,4037.94871794872,4268.20512820513,4188.71794871795,4507.17948717949,4589.74358974359,4665.64102564103,4086.66666666667,4272.30769230769,4039.48717948718,4088.71794871795,4378.46153846154,4772.30769230769,1683,1693,1.648,0.774102747440338,0,0,0,0,
101,0,485,4051.79487179487,4512.30769230769,4027.69230769231,4264.61538461538,4189.23076923077,4500.51282051282,4570.25641025641,4662.5641025641,4079.48717948718,4264.61538461538,4041.02564102564,4077.94871794872,4365.64102564103,4789.74358974359,1682,1692,1.648,0.774102747440338,0,0,0,0,
102,0,439,4058.97435897436,4529.74358974359,4035.38461538462,4274.35897435897,4205.64102564103,4494.8717948718,4572.82051282051,4657.4358974359,4084.10256410256,4257.4358974359,4044.61538461539,4103.58974358974,4361.02564102564,4796.41025641026,1683,1694,1.685,0.774102747440338,0,0,0,0,
103,0,458,4045.12820512821,4528.71794871795,4039.48717948718,4274.35897435897,4195.89743589744,4493.33333333333,4578.97435897436,4657.94871794872,4084.61538461539,4250.25641025641,4044.61538461539,4109.74358974359,4365.12820512821,4769.74358974359,1683,1692,1.685,0.774102747440338,0,0,0,0,
104,0,13,4023.07692307692,4509.23076923077,4021.02564102564,4261.02564102564,4174.35897435897,4490.25641025641,4570.25641025641,4658.46153846154,4071.79487179487,4249.74358974359,4039.48717948718,4086.66666666667,4354.8717948718,4752.30769230769,1682,1693,1.685,0.774102747440338,0,0,0,0,
105,0,485,4023.07692307692,4500,4002.5641025641,4249.23076923077,4176.92307692308,4481.02564102564,4561.02564102564,4656.41025641026,4061.02564102564,4247.69230769231,4036.92307692308,4074.8717948718,4345.64102564103,4766.66666666667,1683,1693,1.685,0.774102747440338,0,0,0,0,
106,0,439,4026.66666666667,4504.10256410256,4007.69230769231,4250.25641025641,4186.66666666667,4482.05128205128,4564.61538461538,4656.41025641026,4064.61538461539,4243.58974358974,4038.46153846154,4082.5641025641,4360,4783.58974358974,1683,1693,1.685,0.774102747440338,0,0,0,0,
